f1;f2;f3;f4;f5;f6;f7;f8;f9;f10;f11;f12;f13;f14;f15;f16;f17;f18;f19;f20;f21;f22;f23;f24;f25;f26;f27;f28;f29;f30;f31;f32;f33;f34;f35;f36;f37;f38;f39;f40;f41;f42;f43;f44;f45;f46;f47;f48;f49;f50;f51;f52;f53;f54;f55;f56;f57;f58;f59;f60;f61;f62;f63;f64;class
55;225;228;246;249;242;221;230;77;239;235;243;234;231;230;230;78;229;226;222;234;235;229;220;74;233;222;223;234;244;237;222;86;234;235;239;238;244;228;230;50;236;236;225;244;250;221;222;33;232;230;249;239;228;242;246;50;236;233;232;220;228;230;243;0
124;238;222;232;225;248;247;249;29;234;226;227;247;231;235;238;27;230;248;236;231;222;246;230;66;220;246;226;221;232;238;238;75;229;247;241;233;250;237;242;82;237;229;227;237;243;232;222;62;231;247;245;233;235;223;237;122;231;240;237;223;227;231;238;0
33;227;244;236;220;234;244;231;15;240;242;234;244;241;231;232;103;247;234;227;228;227;239;228;59;227;222;249;249;227;220;238;64;224;233;247;222;239;237;222;114;237;243;237;248;241;226;247;57;244;226;222;239;225;244;230;69;247;249;231;228;225;226;238;0
102;238;232;242;250;227;225;232;1;220;230;236;238;249;249;247;52;227;242;225;241;232;240;220;85;238;244;227;225;248;242;228;54;233;222;247;248;237;234;240;21;247;244;234;239;249;227;234;87;227;226;244;224;239;241;236;15;236;228;239;233;223;238;244;0
12;234;233;240;241;248;247;223;80;246;231;221;225;239;228;247;35;247;235;243;230;232;222;250;77;234;235;239;246;225;229;242;43;225;247;227;249;220;244;239;53;238;246;222;233;236;227;239;116;230;250;237;220;246;248;235;53;228;231;244;245;242;220;222;0
81;225;242;245;240;228;236;232;66;222;242;232;241;225;232;239;110;223;224;220;243;241;223;226;103;221;227;234;235;241;248;246;32;222;240;229;230;247;220;225;85;236;245;242;223;222;231;240;19;236;250;227;242;222;225;231;228;249;227;240;223;225;234;233;0
116;228;231;228;232;230;240;232;18;221;225;249;235;246;248;235;60;247;247;239;234;236;233;240;95;224;246;222;242;234;221;226;21;227;229;250;243;241;250;221;117;242;223;228;226;243;226;239;14;244;225;242;233;220;223;233;72;249;243;220;233;223;248;246;0
59;250;229;247;241;222;228;242;4;223;234;231;243;234;224;230;9;229;222;244;225;233;243;246;88;226;249;233;232;221;230;244;11;245;237;243;221;221;221;250;24;230;227;234;224;224;235;220;43;248;248;221;243;229;248;248;18;247;248;236;250;233;241;225;0
95;242;235;235;245;234;231;249;116;224;248;249;241;226;244;235;118;220;246;231;234;223;232;229;114;227;250;238;237;221;233;246;225;230;228;230;222;240;237;248;56;227;222;237;231;242;222;237;73;248;233;222;232;221;243;227;90;225;249;227;235;236;230;222;0
38;224;232;240;229;222;247;237;69;227;222;243;241;236;220;245;67;231;229;229;223;246;249;239;106;249;240;239;230;239;224;220;115;232;232;250;222;230;224;229;122;230;235;247;238;241;241;247;102;237;250;239;221;221;222;244;36;242;235;237;222;233;225;228;0
227;5;221;223;243;241;248;224;243;113;243;239;232;222;231;226;228;75;238;246;223;220;235;248;232;31;237;238;225;244;241;239;233;36;236;230;235;228;226;222;245;86;243;230;239;225;250;230;222;29;238;249;223;245;226;250;249;41;239;249;223;240;242;227;0
240;74;222;239;230;248;226;241;232;66;232;250;239;246;227;248;231;24;226;230;236;222;229;230;228;57;244;235;242;237;222;231;239;118;245;248;230;248;245;242;246;119;241;237;223;227;225;234;226;59;236;224;229;243;247;239;236;79;237;249;243;243;221;231;0
248;110;237;229;247;240;248;243;239;52;241;228;232;244;245;223;220;99;246;234;250;230;240;247;220;49;239;236;224;229;221;237;246;107;232;225;243;239;248;225;225;25;241;231;235;236;231;231;220;88;245;249;249;227;229;227;247;25;244;222;249;248;230;239;0
226;53;248;224;242;245;241;233;230;38;233;237;221;223;245;243;230;82;227;224;250;233;226;241;244;42;223;227;230;248;220;241;221;97;247;241;245;230;247;226;234;57;221;229;227;236;250;231;237;83;242;238;231;239;222;233;240;98;232;225;247;223;221;234;0
226;88;249;227;249;232;239;248;235;116;235;231;246;221;239;245;223;32;224;248;233;221;243;225;235;67;244;221;222;250;247;228;243;86;241;241;227;228;235;231;246;89;231;244;227;243;245;223;227;112;233;246;247;240;237;233;235;44;226;224;227;241;248;235;0
221;31;244;231;224;236;241;245;236;102;240;230;247;241;234;230;220;107;243;248;223;238;233;241;232;60;223;241;242;234;231;249;227;75;244;238;242;243;246;244;236;122;226;245;222;228;222;228;238;15;221;248;235;229;240;220;238;116;232;221;224;224;246;236;0
233;67;224;238;240;238;227;249;245;55;228;237;222;243;236;242;242;56;248;226;246;250;250;240;232;52;235;223;242;249;243;245;238;64;232;236;237;241;227;241;232;28;242;243;248;220;240;247;250;45;239;240;240;244;242;221;226;62;222;227;234;247;241;244;0
231;102;245;248;229;222;232;230;227;41;228;226;248;228;249;227;250;39;225;225;221;234;222;238;250;78;238;222;245;235;233;241;238;54;248;229;247;250;243;245;235;60;226;222;226;232;230;233;220;40;230;239;232;221;222;224;229;101;246;226;236;248;230;225;0
237;45;226;237;233;226;226;245;220;120;243;220;230;220;227;224;250;115;238;250;240;249;221;249;226;71;221;247;234;249;232;224;223;43;235;227;239;225;220;225;238;93;238;221;230;246;235;238;248;69;241;235;230;245;237;226;225;47;248;223;223;226;244;243;0
242;81;237;228;248;232;246;221;222;106;249;229;238;222;223;230;248;64;231;238;225;246;220;240;220;63;233;234;227;224;247;244;244;32;234;225;229;238;243;237;225;32;232;234;221;236;222;233;232;98;247;220;243;227;223;229;249;119;223;240;239;247;243;240;0
248;240;103;244;227;239;238;222;241;232;45;226;238;249;234;243;243;246;92;245;236;232;245;240;223;226;42;247;244;234;245;231;230;246;100;239;243;240;246;239;222;248;18;246;238;241;249;227;229;230;47;236;242;237;241;236;238;230;18;233;250;250;239;236;0
246;231;12;222;240;233;236;225;243;222;123;225;242;238;248;220;243;248;42;230;248;231;227;228;228;243;34;233;246;230;226;226;247;238;90;220;239;250;225;222;234;230;50;247;237;244;243;239;240;237;76;248;224;231;245;232;249;247;90;245;242;226;238;236;0
226;220;81;228;246;243;250;239;232;231;109;235;250;227;241;229;227;220;24;232;239;236;250;229;231;249;27;226;244;242;250;226;224;234;79;238;244;242;243;247;232;227;82;220;234;234;224;223;230;243;105;250;245;249;220;250;247;239;37;226;237;247;239;231;0
229;240;117;234;237;245;242;244;240;247;62;245;246;221;245;248;229;246;100;222;220;241;222;238;243;235;53;245;220;221;227;224;246;248;68;236;229;238;240;235;247;234;115;239;226;227;249;246;236;229;8;248;232;231;250;237;238;235;109;234;235;247;246;230;0
224;232;59;226;238;250;229;228;222;246;48;220;237;228;222;225;235;239;49;249;248;244;236;228;223;248;45;228;247;228;242;225;220;235;57;230;243;239;238;233;234;239;21;238;249;243;242;248;240;224;4;224;248;245;222;226;223;239;21;239;220;246;243;240;0
236;235;95;241;233;224;228;237;225;233;34;240;236;226;238;240;240;242;125;221;220;230;220;239;231;241;38;226;245;235;227;226;229;221;47;232;226;226;220;234;246;249;53;237;239;238;237;231;237;229;33;234;233;221;221;246;229;221;94;231;246;225;230;225;0
250;246;38;222;239;239;225;79;246;243;112;247;222;220;250;227;247;246;74;237;234;244;225;241;229;224;64;237;237;221;236;243;234;223;36;243;249;228;225;236;241;228;86;228;249;224;233;237;246;236;62;245;246;226;229;228;250;227;40;232;243;221;227;220;0
245;234;73;239;239;228;238;228;221;237;99;230;234;234;221;244;230;221;57;224;232;236;222;239;249;235;56;233;244;231;228;229;234;224;25;242;241;240;231;244;224;244;118;242;244;244;226;245;220;246;58;248;224;238;237;242;230;231;112;235;226;220;226;236;0
221;233;16;231;224;220;244;244;237;245;51;237;226;235;244;240;224;238;6;250;243;225;230;236;249;249;48;231;244;240;248;226;240;238;14;233;248;242;250;242;222;234;24;225;222;229;223;237;234;225;87;238;250;240;222;238;237;221;58;248;245;225;248;238;0
223;237;52;228;222;229;232;246;246;226;37;226;222;220;224;237;226;228;82;231;248;241;230;246;227;228;74;230;250;227;221;222;244;246;3;230;248;233;247;239;240;237;56;239;220;230;226;245;230;235;116;243;228;246;221;222;247;228;4;225;239;237;221;246;0
235;244;103;238;247;245;241;237;249;223;5;235;227;225;244;248;227;249;13;230;240;245;239;227;247;249;49;227;240;234;220;249;240;227;101;234;249;239;223;246;221;248;104;246;225;242;240;239;243;233;1;232;239;247;225;222;224;231;25;249;225;238;231;233;0
249;230;13;249;248;247;222;228;230;238;84;242;230;230;249;244;245;245;122;248;232;222;232;233;229;246;41;221;242;221;224;226;233;242;90;237;223;241;225;220;241;240;11;243;223;250;240;230;230;227;123;228;250;248;234;244;228;238;97;235;247;231;227;250;0
229;250;48;240;241;248;225;235;234;226;70;239;225;222;250;223;240;230;71;250;229;223;220;231;243;228;67;231;224;248;220;235;245;222;79;238;247;233;246;244;242;221;43;236;220;223;248;226;242;245;26;247;228;226;228;222;239;224;44;243;237;236;225;243;0
227;222;117;226;242;238;247;240;226;237;23;250;239;237;224;234;222;249;21;222;227;233;227;225;242;245;60;226;234;227;229;247;220;248;69;240;247;221;231;246;246;240;75;249;234;232;224;232;243;244;55;237;237;245;240;249;236;250;116;221;230;249;246;225;0
223;230;27;241;250;240;249;233;248;226;9;241;227;224;234;231;232;230;96;226;232;240;243;233;233;248;52;225;244;245;230;228;237;226;58;228;235;229;234;231;232;229;108;235;232;234;244;231;227;230;51;227;245;232;221;240;223;232;62;246;221;246;235;243;0
228;228;96;226;225;236;240;250;235;241;121;224;227;230;240;222;234;244;45;236;238;226;242;227;233;225;78;245;244;248;230;243;227;238;47;234;238;244;226;226;233;250;14;227;224;222;223;242;239;243;80;226;242;232;242;246;236;227;8;228;227;250;225;241;0
123;116;45;6;32;46;37;65;221;225;73;234;226;225;249;226;220;239;28;239;248;248;236;233;220;243;71;237;241;236;235;241;222;245;36;222;234;239;233;241;224;236;46;236;246;248;241;245;235;240;109;223;237;242;248;241;227;246;47;233;245;220;227;233;0
223;248;74;239;234;245;250;221;239;241;59;240;236;247;242;236;238;229;104;247;242;241;249;233;243;220;96;241;223;238;223;221;241;233;26;248;246;236;222;248;237;228;79;233;233;228;243;229;226;226;12;235;245;233;234;232;249;240;119;223;241;246;245;250;0
240;233;110;221;250;232;232;243;225;247;12;250;232;231;230;244;223;236;53;232;228;226;231;245;228;231;89;236;234;230;248;248;248;229;15;243;224;242;247;227;228;246;111;227;220;243;231;221;226;235;8;227;232;225;239;249;226;249;65;220;230;227;235;246;0
236;247;53;227;242;245;228;233;242;228;124;249;240;222;232;225;243;243;2;243;223;239;228;247;221;235;81;249;235;235;227;239;227;229;4;223;239;234;227;236;229;224;17;226;249;241;243;225;248;237;37;228;236;226;246;221;249;242;11;224;248;222;247;236;0
221;223;239;61;236;227;242;240;223;233;240;83;236;245;247;239;232;231;242;85;247;250;236;249;221;225;241;97;241;242;236;239;221;244;231;109;223;242;241;250;220;249;247;40;227;235;247;233;227;234;225;56;243;222;230;242;238;246;228;74;246;222;231;245;0
235;250;243;21;240;231;232;230;248;243;240;53;221;230;249;241;234;226;224;51;246;231;231;226;238;236;237;90;224;222;228;249;243;228;221;99;239;234;240;239;249;221;221;105;234;242;230;239;224;236;247;85;221;221;225;248;226;224;242;20;227;238;245;237;0
231;240;242;57;234;240;234;241;248;243;235;39;246;243;220;237;228;223;237;231;240;226;249;232;249;233;228;82;244;230;240;229;248;247;228;88;240;235;244;234;230;237;240;12;248;243;244;246;230;230;223;81;249;240;249;250;237;246;243;92;237;239;230;226;0
222;234;239;239;247;225;235;230;237;246;232;117;242;225;222;235;233;247;223;75;224;248;225;224;230;225;250;108;248;235;222;230;223;229;224;44;222;250;229;235;236;226;247;44;249;246;233;241;234;250;240;110;244;243;221;225;250;232;241;5;234;249;224;242;0
235;228;220;35;244;245;233;229;230;242;228;103;236;225;232;247;234;233;244;25;237;241;223;220;243;228;222;101;223;232;229;237;247;234;226;33;239;223;222;245;224;241;250;76;229;250;232;239;223;221;249;13;248;243;224;242;222;245;238;77;247;248;246;225;0
228;232;245;104;225;245;237;230;227;224;222;89;235;227;243;245;247;223;222;8;238;224;242;227;248;247;232;93;247;247;226;223;249;223;234;22;250;230;224;220;227;230;222;109;245;226;249;248;237;242;226;9;223;244;222;227;239;230;246;23;243;228;222;241;0
106;109;35;38;61;118;72;18;229;229;241;42;244;228;231;242;222;248;226;83;233;227;226;230;231;231;235;119;223;248;234;227;236;248;226;11;236;244;225;238;247;226;248;15;228;233;221;220;222;240;243;38;233;224;245;241;241;248;250;95;245;243;228;239;0
239;227;233;83;250;229;223;226;226;223;233;28;232;242;234;250;223;245;247;32;243;244;250;249;232;249;236;111;234;229;243;242;234;225;248;1;229;235;238;229;250;232;230;47;249;224;243;224;232;223;221;67;242;229;223;235;222;223;227;41;241;233;239;220;0
222;238;238;118;224;229;223;242;237;226;222;106;249;226;230;247;236;230;236;108;238;235;245;223;231;238;235;104;232;236;235;246;228;250;238;116;249;223;247;248;242;228;247;79;235;242;235;242;226;225;245;96;227;223;240;225;239;226;232;113;248;221;225;221;0
228;223;248;28;226;220;243;236;232;245;234;92;233;236;223;248;249;245;246;91;220;227;228;247;247;231;248;4;224;222;245;237;239;242;242;105;234;224;240;242;245;226;228;112;244;245;245;244;237;236;220;92;237;226;228;222;236;226;243;26;228;235;246;236;0
250;231;220;245;244;236;16;43;243;248;239;246;228;224;11;243;234;3;243;249;245;243;6;234;229;109;245;238;234;242;88;223;232;44;237;233;228;229;61;243;250;114;227;246;223;230;110;233;224;63;231;239;243;233;87;231;247;58;225;248;249;238;65;223;0
233;14;240;246;234;220;98;227;226;112;226;242;245;248;123;220;226;36;249;249;222;229;82;220;235;12;247;235;237;223;81;222;246;116;223;220;221;240;50;246;240;24;237;242;243;239;50;247;225;49;224;235;230;226;116;238;235;107;248;249;223;234;11;16;0
247;107;240;241;230;228;41;58;236;76;236;245;225;244;109;239;226;76;245;236;242;226;31;249;237;16;233;232;234;228;107;250;230;37;242;236;237;234;39;231;222;67;226;243;220;237;82;225;235;9;242;242;246;240;112;231;238;57;239;233;244;232;83;246;0
220;6;228;245;241;228;77;245;222;65;228;239;245;240;62;228;248;108;236;222;239;220;106;244;242;12;238;235;227;248;99;239;225;109;226;222;225;238;28;249;223;103;243;242;222;237;115;222;231;244;243;241;247;232;15;244;220;236;241;229;237;227;29;84;0
242;245;226;221;238;232;20;67;247;244;246;248;248;241;48;232;230;228;223;220;240;237;89;234;226;240;226;249;250;243;92;242;245;240;226;228;222;220;17;221;230;223;241;245;239;248;21;228;235;238;229;236;235;235;44;248;233;237;226;234;238;222;101;220;0
225;237;228;234;224;244;55;232;246;237;239;243;240;240;224;223;225;228;249;250;250;225;39;239;250;225;247;243;229;245;117;230;248;220;244;227;248;227;7;245;234;250;240;243;232;225;53;231;221;225;243;225;239;237;73;239;223;247;234;225;221;224;47;97;0
56;9;24;70;236;231;124;66;224;250;226;238;236;225;113;244;230;248;237;236;224;233;114;225;230;231;223;238;229;233;110;231;250;235;246;229;250;240;122;230;228;248;239;239;239;228;86;227;245;220;237;239;241;236;69;243;225;221;233;225;234;238;86;250;0
238;239;244;239;227;238;34;240;227;228;223;232;221;242;99;227;224;229;242;231;227;220;63;244;233;222;239;243;234;241;102;248;230;223;245;237;220;224;111;220;226;239;248;249;222;230;118;222;236;240;246;224;231;227;98;25;237;236;239;241;243;232;32;222;0
221;244;223;236;234;237;103;224;233;228;242;227;223;231;51;230;225;224;247;221;225;249;13;225;235;249;231;249;226;225;2;250;221;240;243;249;227;237;100;250;239;241;249;241;223;228;24;225;223;249;246;235;232;233;1;237;239;237;221;230;228;225;104;241;0
250;226;225;241;239;229;12;248;225;226;239;249;240;225;37;236;220;225;247;250;223;246;121;249;238;242;247;236;226;233;121;237;230;250;247;224;224;240;90;248;232;237;222;243;242;235;57;221;247;224;248;246;232;220;122;25;221;220;222;234;237;247;51;236;0
227;228;223;240;244;221;243;249;78;221;245;223;223;230;228;221;224;33;230;250;239;234;222;246;233;231;75;227;228;224;247;250;227;221;239;41;225;227;236;220;239;249;248;247;51;224;246;241;226;231;247;232;222;114;250;234;222;243;230;235;230;222;85;70;0
231;232;250;233;245;224;57;79;239;227;231;246;245;3;243;249;225;232;231;242;41;231;220;233;232;248;227;86;226;234;236;228;240;240;9;226;224;222;245;246;235;55;241;231;224;232;226;235;42;246;235;227;222;249;248;225;234;223;237;230;233;247;233;234;0
220;232;223;232;231;234;220;245;80;224;236;249;240;237;250;244;243;81;231;242;230;221;226;224;250;227;77;243;234;247;241;220;242;238;241;89;250;229;247;247;248;232;245;227;53;232;229;232;240;245;245;221;238;36;230;235;222;231;240;233;236;233;53;4;0
236;239;233;241;223;237;55;1;236;230;232;227;232;88;244;231;247;241;240;231;57;243;236;250;220;224;223;90;232;244;245;225;226;224;18;248;241;226;240;247;223;15;226;240;234;226;235;231;24;227;243;234;237;224;237;244;246;229;231;244;241;239;235;232;0
229;233;242;226;235;230;244;224;109;250;248;224;248;247;220;245;233;75;223;233;241;240;221;247;223;239;22;244;247;250;220;242;229;233;245;85;225;239;242;235;227;230;224;247;85;220;232;249;249;242;237;244;231;113;241;234;227;220;221;246;243;238;98;21;0
223;234;227;223;249;225;60;16;224;235;248;227;236;69;229;242;222;238;244;235;76;238;249;231;234;232;220;56;241;250;227;239;227;243;116;231;242;248;245;224;223;27;220;232;240;240;232;227;9;239;222;250;226;237;236;248;240;243;220;227;236;248;234;234;0
232;222;235;242;245;243;250;221;72;238;244;247;232;240;248;242;230;121;223;244;235;236;238;235;242;238;65;248;226;238;250;220;225;236;240;76;245;244;248;225;246;250;231;245;109;220;225;225;223;228;242;237;240;101;220;66;232;236;238;242;222;249;59;222;0
247;224;222;244;222;12;222;92;242;225;226;230;16;221;238;248;238;235;248;95;233;243;246;232;243;225;110;247;244;228;236;228;235;31;248;234;250;220;234;248;51;244;244;239;220;248;249;247;223;232;232;244;246;232;250;237;102;230;220;227;243;242;245;230;0
244;90;247;244;224;248;230;231;245;225;91;247;246;227;225;230;228;230;222;87;227;220;240;244;241;237;241;250;99;223;228;245;238;237;222;225;224;63;247;227;232;227;240;227;247;243;80;226;224;235;232;221;243;238;233;73;225;240;240;238;241;237;117;240;0
234;232;220;222;237;77;242;229;220;230;245;250;6;242;225;240;238;221;221;92;246;249;227;222;237;227;118;231;250;244;233;228;227;7;240;220;226;231;230;225;123;250;246;244;232;236;238;239;226;238;242;246;236;229;241;248;230;240;240;226;238;231;231;247;0
234;244;240;225;224;244;22;116;240;248;250;241;241;50;232;231;221;232;226;223;58;238;250;221;232;243;220;94;243;242;222;237;243;234;19;226;230;221;222;221;222;23;229;236;239;241;229;229;46;242;228;226;239;249;242;244;239;230;220;244;234;224;246;245;0
235;245;229;222;248;229;248;232;64;221;241;221;231;250;228;110;227;108;250;249;236;232;228;221;248;226;101;248;228;235;220;224;223;240;243;30;224;223;225;246;227;223;230;237;83;246;245;236;249;236;245;239;235;17;236;225;222;246;248;250;246;222;31;249;0
226;223;245;230;220;242;36;249;221;224;232;231;250;18;236;245;238;225;232;220;106;243;236;91;220;235;229;62;220;245;223;245;236;238;68;238;229;243;239;239;247;117;234;232;235;240;230;238;61;239;227;232;234;231;227;226;224;250;250;229;230;228;241;236;0
245;226;239;224;220;222;220;230;32;241;224;236;233;249;231;223;227;30;244;244;233;234;246;237;227;231;69;225;232;223;231;28;233;223;236;78;240;225;227;240;246;242;222;229;85;228;226;244;245;223;243;225;221;65;233;250;247;220;235;224;239;225;125;220;0
236;250;248;238;244;231;68;231;230;237;238;237;248;80;240;250;242;237;237;250;10;234;231;232;225;228;250;27;236;247;223;247;245;243;44;235;220;242;242;92;237;118;240;241;246;246;224;233;23;220;229;227;221;220;232;222;227;241;226;237;239;250;229;239;0
235;227;245;249;235;243;228;221;9;230;226;244;225;241;230;17;232;64;228;247;248;245;222;236;242;232;117;234;234;240;234;223;247;231;245;51;223;223;238;220;231;222;241;224;32;242;223;238;239;243;245;244;229;22;231;234;236;233;243;225;241;222;92;237;0
243;229;226;220;231;67;229;77;238;234;244;238;103;243;240;225;227;244;230;121;245;221;236;221;231;227;125;226;222;220;220;220;232;21;244;248;236;237;246;228;79;235;242;220;245;235;231;231;245;242;224;247;231;245;246;113;228;244;225;237;239;241;245;220;0
241;246;232;244;221;236;228;244;27;240;223;237;223;224;244;234;238;28;249;244;231;233;228;234;237;230;94;231;248;234;232;225;245;220;248;114;226;220;237;90;231;250;245;231;19;222;238;250;225;238;227;233;242;87;246;226;230;250;236;222;240;233;8;249;0
222;232;227;239;235;84;246;220;239;250;221;244;17;221;234;239;231;225;248;60;222;240;226;231;248;239;123;249;233;231;239;50;233;60;227;229;232;225;242;247;88;234;241;231;242;228;242;228;232;243;249;240;249;234;241;247;97;237;223;242;223;240;239;249;0
240;11;238;234;247;241;234;231;243;247;76;237;221;222;245;231;250;221;238;74;228;220;229;222;248;230;245;228;89;241;250;60;238;222;222;238;238;95;229;238;246;230;248;242;243;231;75;242;242;246;243;239;249;223;237;10;234;228;228;237;234;226;248;230;0
73;29;1;51;28;5;39;64;240;246;250;240;249;242;228;222;222;232;240;244;237;223;231;232;220;234;240;241;223;221;235;241;248;221;250;220;230;226;235;240;232;230;239;240;232;234;229;243;236;239;238;241;235;221;245;242;247;233;236;227;239;236;237;233;0
243;233;243;231;243;221;227;226;60;118;35;65;36;30;15;59;235;247;250;239;242;236;232;233;222;249;226;223;239;223;238;240;229;238;224;220;245;223;240;235;222;228;226;250;228;224;232;225;249;239;223;247;244;236;231;227;250;243;243;222;237;226;249;249;0
222;237;247;230;237;234;236;241;235;240;234;225;224;244;229;234;17;21;43;101;55;221;38;117;245;239;223;234;221;242;241;232;225;238;247;237;232;249;224;226;245;232;227;244;244;248;237;229;221;220;235;248;233;231;220;245;246;236;220;239;232;235;231;221;0
241;235;241;240;247;238;233;240;249;239;243;248;250;234;241;249;231;220;224;226;229;248;236;242;118;101;118;66;5;95;8;17;224;228;227;242;247;241;238;227;250;245;245;229;238;250;243;234;250;231;237;238;238;239;244;225;240;227;225;245;224;233;246;223;0
239;244;233;230;233;232;244;221;234;225;228;229;227;244;244;240;221;224;224;249;247;227;224;221;242;243;228;231;221;250;229;227;69;46;80;105;63;63;32;124;228;226;237;243;240;249;240;243;230;244;227;249;237;242;245;240;235;222;220;240;221;247;243;228;0
224;228;237;242;235;227;246;244;49;43;28;73;66;121;48;107;221;233;226;231;220;226;224;221;233;230;244;226;222;245;239;224;236;227;226;229;229;225;246;222;242;231;222;227;230;249;233;231;239;234;246;225;229;230;223;229;223;229;228;225;242;226;231;235;0
64;9;47;93;16;62;49;23;244;237;237;250;250;221;247;247;225;245;247;223;248;248;221;241;237;222;226;228;229;238;248;242;220;243;243;235;239;226;241;248;224;231;233;234;227;226;237;227;18;16;55;64;71;51;112;22;229;240;225;230;231;243;225;111;0
233;241;228;235;229;228;248;10;238;225;230;222;227;223;231;116;243;230;235;223;222;247;244;50;248;233;240;221;234;230;241;87;104;11;106;73;13;67;64;69;229;230;246;228;226;232;236;30;244;227;241;243;223;233;245;113;240;238;242;222;240;243;220;118;0
230;238;220;231;221;231;226;42;250;248;244;225;224;231;223;111;235;233;221;239;233;240;235;122;43;98;25;85;65;56;84;30;243;248;225;243;237;232;232;22;231;234;245;249;235;242;232;106;226;224;237;246;242;240;225;12;241;241;236;232;242;234;247;74;0
245;220;227;245;232;247;224;74;223;245;220;250;220;246;244;14;231;229;249;250;230;237;221;35;109;122;16;116;67;89;90;65;236;238;220;242;241;239;242;8;245;221;248;248;245;231;227;55;220;249;225;240;249;232;225;5;80;221;223;239;227;237;225;63;0
22;22;117;16;57;46;77;19;242;234;226;79;225;227;244;248;249;235;238;17;245;243;228;222;246;240;230;44;227;227;247;246;224;248;232;29;225;222;247;227;248;237;223;74;228;247;240;230;233;231;246;33;223;249;244;240;228;229;237;88;245;231;237;233;0
231;249;239;48;247;226;226;242;52;107;68;75;108;99;1;42;230;249;239;89;243;241;227;220;231;225;248;79;232;222;229;248;232;241;234;108;242;250;232;224;237;247;238;23;242;250;250;236;237;249;221;59;238;235;231;236;241;247;220;77;244;235;249;242;0
250;220;237;81;246;221;229;236;226;222;250;104;249;239;235;221;6;53;73;35;124;112;113;109;234;246;232;22;235;249;237;228;238;234;239;94;247;230;248;231;249;243;236;98;224;234;229;245;240;250;236;51;238;237;249;247;221;227;232;66;229;232;248;238;0
237;250;231;113;241;222;243;231;236;227;232;7;221;224;224;247;244;241;240;107;225;223;249;244;24;4;64;58;83;45;34;6;244;245;220;46;247;235;222;230;237;223;236;48;249;246;225;244;232;241;229;44;241;249;221;235;236;243;244;56;221;249;222;227;0
226;240;239;19;222;222;242;243;242;220;226;36;232;246;220;235;237;240;241;53;230;229;247;221;231;225;233;93;220;249;248;221;64;119;23;32;13;55;21;31;220;223;246;30;234;226;243;233;241;223;244;70;236;245;234;235;247;241;240;45;248;225;231;223;0
250;249;230;233;247;225;227;227;122;112;15;22;58;110;114;10;246;235;222;249;220;237;238;237;227;248;243;240;227;230;235;243;226;224;230;245;234;248;233;231;243;241;240;235;224;234;235;236;237;220;247;240;241;227;232;240;250;250;246;250;225;247;248;243;0
100;122;123;119;5;95;78;95;248;235;246;249;248;229;238;242;226;250;248;247;231;239;249;228;243;228;249;235;248;235;232;230;220;229;244;246;244;241;221;226;243;235;235;227;237;246;234;239;4;92;48;54;103;47;58;91;238;250;246;230;221;222;234;225;0
236;238;228;241;232;244;242;238;246;241;238;230;238;240;236;232;246;229;223;240;238;221;228;232;223;249;226;230;244;235;222;237;87;3;95;105;42;105;7;118;249;233;220;250;221;222;243;247;231;236;220;250;235;240;221;242;223;250;241;241;243;223;230;224;0
230;236;222;222;228;236;247;227;231;230;244;247;228;228;223;244;220;230;249;239;245;237;236;237;35;87;57;80;12;125;70;75;231;222;220;228;249;226;233;243;230;226;226;228;220;235;237;245;246;232;245;230;238;250;248;240;236;226;244;250;239;226;227;232;0
240;227;231;247;236;246;224;249;224;230;243;237;232;246;240;223;227;228;249;237;247;245;222;248;98;28;45;62;10;41;39;78;229;250;247;244;249;246;226;234;239;250;230;229;242;226;233;248;246;226;243;223;224;226;225;249;246;239;235;226;224;240;250;232;0
38;97;50;99;225;222;228;250;45;78;31;7;233;235;241;222;88;58;87;81;228;227;221;247;77;93;5;83;223;221;237;240;23;27;5;91;246;229;244;229;99;26;54;34;245;225;222;223;21;20;13;61;239;236;225;221;59;86;8;20;247;249;223;236;1
64;46;28;84;221;223;231;250;31;98;40;79;241;239;234;249;81;61;35;59;240;221;233;245;66;58;5;84;246;227;232;235;5;15;31;44;235;238;242;241;42;86;5;90;248;237;240;229;24;5;78;3;223;238;227;229;13;67;26;85;233;239;223;230;1
21;22;51;62;223;230;243;220;61;10;95;38;246;221;220;235;35;4;89;49;231;233;231;239;41;94;25;55;229;231;235;245;4;82;47;55;248;223;247;245;38;14;74;22;238;226;222;242;21;32;42;74;220;249;248;238;11;44;83;57;239;235;239;229;1
77;29;7;63;232;246;232;243;50;69;35;63;236;247;220;232;16;91;37;82;245;220;244;241;16;50;3;75;231;223;226;239;84;29;42;51;223;226;230;237;231;67;98;9;250;228;227;227;78;4;97;100;221;221;238;225;69;69;18;17;241;231;244;248;1
97;70;89;12;236;238;231;232;15;27;3;32;228;241;241;233;91;24;70;83;234;222;227;239;8;82;82;20;229;220;237;250;10;63;7;62;248;232;250;245;46;95;19;30;224;242;234;248;61;24;31;9;228;238;245;244;225;96;74;43;221;235;233;232;1
46;46;86;41;233;247;241;238;71;37;39;23;222;237;235;248;22;7;79;83;230;246;240;245;33;42;100;70;229;229;240;233;49;84;34;15;234;232;233;250;91;51;79;62;220;224;236;235;34;97;37;30;223;238;229;238;22;78;90;11;247;224;223;220;1
91;62;89;76;249;235;241;242;33;54;83;15;238;234;225;247;80;43;54;7;244;233;226;241;5;84;99;1;240;229;245;223;66;96;12;38;221;222;221;242;49;90;17;83;237;245;233;241;65;22;4;92;242;230;249;224;49;67;6;1;220;220;242;229;1
96;21;90;45;249;239;237;241;17;29;75;86;248;231;220;231;25;35;87;86;220;238;250;245;41;60;19;95;222;244;225;226;26;1;32;60;248;246;243;231;38;64;74;71;228;242;237;225;18;5;24;20;242;224;223;234;98;17;66;91;233;250;245;221;1
27;25;77;76;239;221;223;231;39;15;57;12;221;246;241;225;27;86;67;47;246;242;240;226;57;23;1;25;233;233;220;237;96;5;86;8;244;229;232;234;72;27;92;5;225;228;247;250;60;50;88;44;227;225;246;232;83;83;7;58;221;222;226;231;1
51;80;43;98;233;237;230;248;14;67;69;74;240;249;244;242;50;99;86;17;236;235;231;231;67;27;87;74;243;250;242;231;39;9;62;10;229;243;230;237;68;31;8;63;233;220;237;233;55;58;84;94;248;226;221;249;21;14;72;81;249;229;234;226;1
224;32;85;78;38;227;250;239;236;59;37;52;47;222;233;239;230;59;78;32;26;223;238;224;232;87;26;16;16;225;230;250;236;24;17;52;97;235;248;225;242;39;30;67;23;224;233;234;226;69;33;4;95;247;248;239;249;27;68;100;38;234;236;242;1
221;36;46;72;25;231;227;241;244;88;78;46;12;242;227;243;238;20;24;100;1;221;229;244;224;33;71;28;31;227;223;230;243;15;32;48;93;242;246;249;239;3;77;7;63;226;234;242;242;69;78;40;76;227;228;233;235;17;94;32;6;241;236;234;1
242;30;65;16;88;241;230;240;231;16;43;93;47;231;234;228;231;99;43;77;72;243;249;241;242;20;16;66;99;238;240;223;239;78;57;38;27;225;237;233;243;77;24;70;61;245;235;226;220;18;96;82;66;245;244;245;242;6;46;10;66;243;240;223;1
243;78;46;245;53;246;239;244;228;61;87;31;28;227;232;250;247;61;36;55;64;239;241;222;223;66;15;69;95;240;236;221;230;77;95;15;30;226;241;245;225;73;25;96;96;233;244;243;237;85;91;19;93;223;247;245;238;11;80;73;94;248;238;234;1
247;46;91;17;50;239;222;224;250;37;60;3;35;233;227;249;221;73;7;24;6;234;244;247;249;84;20;78;98;222;236;248;238;80;48;68;27;239;244;231;244;8;34;24;44;244;236;224;236;33;64;43;85;220;231;221;229;47;45;62;67;229;239;232;1
248;100;3;55;5;226;229;226;246;61;17;49;45;230;224;229;235;99;60;75;28;228;223;245;238;90;85;32;87;223;230;231;242;51;21;89;49;223;250;230;244;99;2;98;85;225;237;225;238;28;20;44;69;222;232;241;248;28;97;18;66;244;225;250;1
230;5;88;5;49;220;232;249;228;47;11;9;36;240;232;228;221;5;97;100;58;250;243;241;228;232;62;75;39;223;246;233;221;57;16;67;21;223;228;228;249;59;86;55;97;242;242;249;226;37;63;13;74;249;226;234;229;72;88;82;67;226;227;233;1
242;27;45;59;7;248;228;226;247;11;95;25;88;227;233;230;250;58;20;87;21;232;238;221;238;31;4;45;33;235;235;227;227;62;37;94;73;233;241;249;221;6;34;38;57;237;250;238;241;25;94;42;28;240;239;247;238;93;71;94;48;222;220;230;1
221;32;80;6;9;239;229;228;235;70;22;36;77;234;226;241;240;21;34;28;48;232;240;234;236;97;67;83;47;241;250;248;221;33;87;59;33;248;234;248;242;55;2;88;44;240;238;228;225;57;16;19;60;249;249;246;243;6;100;94;89;239;250;227;1
228;86;95;38;84;246;232;227;235;38;45;85;82;238;238;229;241;63;41;13;67;228;243;234;228;13;245;30;59;232;250;242;223;35;68;55;29;228;221;248;249;21;44;44;37;249;233;244;221;99;34;36;98;235;229;225;234;30;26;23;67;242;239;248;1
227;229;223;239;52;94;45;58;245;239;249;250;31;18;8;82;221;243;241;220;47;45;35;4;238;231;244;221;97;59;27;47;236;247;240;233;33;84;71;89;238;244;242;224;20;11;47;12;228;236;247;236;15;50;84;68;238;227;229;230;78;5;23;60;1
221;249;245;224;99;78;17;61;228;250;240;226;66;93;51;53;221;249;223;223;39;49;82;91;245;245;242;248;62;97;14;90;223;236;220;223;95;38;98;40;250;243;232;230;69;57;38;49;240;238;248;244;75;67;52;227;226;235;234;241;65;89;33;46;1
222;226;231;222;91;52;46;19;222;235;240;225;56;23;51;75;220;227;224;226;5;55;45;52;248;223;248;224;25;65;33;64;225;239;250;249;84;33;26;12;230;227;250;242;81;36;58;25;223;230;225;221;40;89;33;22;242;238;243;229;8;30;95;3;1
220;238;248;244;93;19;22;62;235;242;241;221;19;63;51;24;242;233;240;228;11;68;15;16;220;246;239;226;2;17;22;49;220;223;228;235;66;73;47;33;231;246;237;234;73;100;47;19;226;236;238;250;78;18;15;63;228;224;233;243;22;83;48;10;1
233;248;238;242;72;83;35;16;232;229;226;229;70;64;90;82;242;225;242;230;22;90;83;13;245;242;229;243;8;8;24;22;229;237;227;239;7;60;50;29;221;237;222;226;61;1;45;8;227;237;249;246;54;58;92;49;240;229;239;231;24;100;33;45;1
227;228;235;247;93;44;77;12;241;220;245;229;23;81;8;22;247;226;226;247;5;23;39;71;232;234;235;235;59;90;79;63;248;220;250;236;74;98;27;31;242;241;225;223;60;96;95;72;224;224;234;224;34;11;51;8;245;250;225;238;28;34;92;86;1
236;246;241;221;21;8;37;77;224;223;248;223;97;65;48;27;231;230;225;228;23;73;75;16;220;226;220;241;71;15;27;48;240;235;236;236;31;89;68;65;220;229;224;240;85;33;35;87;227;224;245;250;83;83;85;71;250;227;228;239;50;39;64;10;1
239;224;248;237;23;77;6;38;238;237;229;229;3;70;48;72;234;243;233;224;45;40;80;78;242;239;239;234;58;37;9;56;247;245;250;225;44;36;64;61;221;248;227;220;53;70;6;31;241;222;231;220;67;73;83;64;235;225;238;227;6;67;91;97;1
220;247;224;229;64;54;76;24;221;248;248;240;61;50;51;36;236;227;222;234;33;30;44;84;222;233;242;248;36;9;66;66;224;239;242;227;79;44;4;44;244;248;247;239;79;56;51;85;245;227;240;231;52;87;37;15;248;221;222;220;12;72;12;23;1
242;230;239;244;8;43;36;63;250;248;234;227;85;57;97;98;247;239;225;250;56;44;60;63;248;247;236;231;22;85;37;54;246;246;227;248;235;14;82;46;250;239;233;224;79;47;7;23;241;250;247;234;2;27;37;53;228;248;233;236;83;6;70;69;1
24;47;78;84;236;246;235;240;90;45;25;34;230;234;234;234;77;86;17;42;228;244;238;235;31;17;65;239;244;222;240;234;76;52;86;93;234;225;220;249;68;96;18;27;230;242;220;232;86;97;74;6;236;221;240;226;34;24;3;9;221;225;221;242;1
76;68;91;13;232;221;235;240;92;67;78;24;221;233;225;226;63;59;6;50;221;226;245;249;79;59;90;82;227;230;221;234;69;58;6;12;221;241;249;232;62;54;23;74;226;224;229;245;66;99;38;1;232;224;229;227;82;78;54;25;241;243;242;224;1
28;9;67;80;240;223;245;237;6;75;96;46;224;231;225;240;79;66;18;15;237;242;241;239;81;63;51;77;238;220;245;247;47;36;35;33;234;235;233;240;76;76;63;40;231;242;221;231;9;36;20;69;233;245;241;246;41;20;61;95;250;240;227;249;1
47;76;96;12;245;223;238;220;49;23;17;78;240;237;236;247;92;10;44;66;227;248;230;223;52;83;90;63;237;226;238;226;75;91;62;85;250;233;225;239;26;13;78;5;233;231;228;220;82;12;11;34;223;226;245;220;28;5;67;94;236;232;245;232;1
100;69;69;39;234;249;233;238;36;65;86;97;236;239;241;223;65;95;73;29;242;231;247;248;8;71;47;19;223;240;221;222;17;23;78;93;221;225;224;240;29;22;8;48;221;228;249;245;48;31;1;27;230;221;235;237;58;86;11;1;220;245;237;237;1
50;92;76;87;240;248;224;232;83;53;39;82;249;243;227;233;66;23;97;33;238;232;239;245;66;82;64;24;226;234;230;242;42;37;74;88;220;245;235;230;99;53;96;46;244;225;247;240;75;95;82;76;250;224;221;247;47;15;35;98;232;222;235;220;1
64;48;8;85;242;226;225;222;4;40;20;11;242;235;243;246;59;98;5;7;231;228;241;220;40;68;80;55;222;237;231;239;12;37;40;96;223;244;250;233;52;59;81;77;229;228;241;245;27;6;42;8;245;228;220;245;10;46;79;58;224;220;239;242;1
8;41;56;61;247;238;225;223;17;80;70;63;227;232;248;235;11;22;91;80;236;243;225;250;47;82;36;90;239;238;250;246;96;24;67;46;225;230;238;250;3;95;3;18;231;234;226;234;71;70;74;52;239;236;234;241;64;31;83;61;250;230;241;236;1
47;74;10;43;240;250;226;232;36;24;26;14;223;250;228;229;88;100;41;78;241;228;234;224;1;77;74;6;234;224;226;245;57;2;46;68;248;222;230;248;69;12;5;49;236;235;224;225;71;87;67;35;233;224;250;230;23;25;89;87;232;235;230;233;1
47;49;61;60;243;235;239;231;78;28;32;45;243;221;221;226;53;32;50;28;227;249;223;246;19;7;32;85;224;246;249;231;62;76;67;87;227;224;223;233;65;66;25;48;228;222;231;243;94;62;12;87;244;246;224;232;4;80;36;11;233;237;235;241;1
221;71;53;58;29;237;239;240;220;30;78;1;76;234;246;240;237;82;71;4;41;250;224;248;241;87;79;37;97;230;228;247;233;88;5;95;36;223;242;230;229;53;77;5;59;242;240;246;242;47;30;62;65;220;229;244;226;26;28;83;83;220;245;245;1
233;59;99;92;22;240;248;250;235;70;98;24;53;243;231;233;250;10;100;68;1;226;233;227;230;58;10;10;80;228;245;238;229;28;4;29;38;220;220;227;230;30;95;98;40;224;228;228;245;28;16;16;65;247;231;236;246;41;41;71;32;248;238;234;1
241;63;20;18;58;242;223;233;249;8;46;91;26;231;220;240;220;79;38;29;92;229;232;239;226;63;63;43;9;247;232;244;233;56;70;92;84;235;223;250;221;2;54;92;43;221;226;237;223;68;50;51;46;241;239;242;250;35;40;27;5;221;226;244;1
229;24;98;6;39;224;225;232;237;36;49;15;47;247;243;244;233;25;63;54;15;231;246;248;247;94;66;51;39;238;244;245;229;10;79;46;76;237;239;246;250;60;84;1;21;231;238;225;228;7;10;33;12;220;237;227;233;228;54;66;54;237;229;233;1
222;83;8;19;68;239;222;249;246;45;36;15;71;242;228;248;230;93;53;9;76;247;233;226;245;40;46;49;20;242;238;230;244;33;9;59;17;238;223;229;240;93;9;44;27;228;240;246;234;88;75;27;68;222;233;246;243;25;9;3;32;244;225;227;1
220;79;30;23;48;234;247;223;236;25;34;4;48;227;230;245;239;20;87;59;76;222;236;235;239;93;33;54;8;227;220;245;237;64;41;97;11;234;224;225;234;93;62;35;15;235;228;243;241;48;22;100;13;234;249;249;233;2;34;55;93;242;246;231;1
232;54;41;85;83;221;233;233;247;67;72;100;34;225;236;229;232;50;41;70;18;242;222;220;236;42;54;82;54;246;248;221;245;43;51;23;62;244;220;235;243;49;68;89;37;239;244;228;223;30;29;15;53;226;227;236;233;22;59;36;88;234;230;231;1
238;48;19;69;75;240;238;235;247;62;78;16;81;220;240;244;225;20;96;6;6;240;223;232;231;80;38;46;12;248;239;239;248;11;17;4;72;246;223;237;224;53;56;21;47;220;230;225;221;75;75;40;91;226;245;233;239;75;8;64;72;227;234;246;1
244;1;43;40;27;238;232;241;233;99;81;70;42;235;237;227;237;74;27;36;43;228;222;246;247;95;12;65;35;244;245;236;242;10;18;7;43;236;233;227;247;96;54;49;98;237;238;222;249;21;38;39;28;236;222;236;242;50;14;52;97;244;244;232;1
235;56;91;66;44;226;221;220;226;69;6;76;70;247;224;224;224;50;15;22;32;221;240;246;241;79;5;52;76;220;225;240;227;80;32;98;81;250;225;239;233;68;91;88;42;242;220;222;224;12;96;80;70;242;249;248;228;40;1;16;16;232;221;247;1
224;229;235;51;41;10;27;247;245;222;245;64;85;50;18;228;235;245;244;90;37;32;77;240;244;228;223;22;45;23;88;241;250;236;235;61;37;39;86;226;223;249;250;59;94;52;33;250;236;228;245;87;26;26;18;243;250;238;234;35;223;74;84;246;1
223;247;237;28;70;40;81;221;245;228;244;74;44;7;41;231;246;239;235;34;71;31;80;237;241;227;226;15;59;96;24;243;244;244;226;94;11;99;63;230;224;229;227;60;91;58;24;224;245;237;239;86;7;44;76;245;223;241;250;24;38;40;53;241;1
233;220;222;27;58;21;7;225;238;248;232;90;11;65;90;238;221;229;226;23;95;85;44;250;242;247;250;49;77;84;38;236;239;233;245;19;32;41;15;237;244;227;241;62;10;20;69;231;245;242;224;50;18;100;47;231;233;225;243;240;43;29;76;235;1
250;222;223;90;83;17;10;249;224;232;238;1;15;38;19;230;246;238;220;98;88;58;73;231;248;220;220;14;26;2;83;249;221;227;224;79;79;33;45;249;230;225;245;56;81;56;20;250;225;242;237;20;36;57;34;229;231;234;235;53;42;57;5;237;1
230;225;244;55;20;97;94;249;220;249;246;100;84;41;81;242;241;228;227;99;26;17;70;222;234;243;243;1;34;69;11;229;233;228;236;11;29;40;56;221;232;245;220;31;29;81;31;223;235;236;235;37;40;84;41;240;236;232;249;73;66;41;95;233;1
227;248;231;65;52;22;58;232;242;249;242;75;46;91;28;230;240;226;246;67;89;28;37;244;229;242;232;1;29;99;76;233;226;233;236;58;61;27;51;221;235;238;234;80;86;9;54;248;232;247;236;41;7;45;70;245;230;228;241;50;41;95;99;239;1
229;239;245;59;53;62;9;221;236;235;224;18;28;1;15;228;225;229;250;42;55;56;78;238;230;233;241;4;40;5;31;241;236;226;231;60;52;60;33;250;234;236;229;91;77;58;43;232;222;228;234;73;16;6;24;221;232;224;243;76;96;34;69;221;1
244;225;220;79;3;80;48;235;244;226;233;20;60;91;95;233;230;250;245;65;1;66;97;238;231;226;222;232;96;7;29;246;224;237;249;58;81;4;5;230;221;235;234;56;31;41;51;225;233;234;225;74;45;32;7;238;223;237;230;41;57;77;58;244;1
236;243;249;65;81;42;80;230;234;224;235;72;70;73;19;249;223;248;229;78;7;25;95;242;230;245;236;82;22;18;23;228;222;248;236;93;26;25;72;237;242;242;228;67;78;76;31;242;222;229;243;83;72;90;22;247;224;248;241;35;55;35;20;228;1
228;243;246;58;63;14;6;232;243;226;233;64;84;64;42;244;225;247;233;18;50;98;77;240;221;228;243;38;48;55;68;235;241;247;222;3;65;90;34;230;242;228;235;11;42;77;36;243;220;246;232;41;75;44;72;229;228;246;236;51;17;28;8;228;1
220;98;28;62;230;247;233;234;234;30;86;32;220;245;227;249;234;80;17;30;237;250;227;237;241;7;49;45;243;225;223;248;248;60;3;32;228;242;229;237;238;13;33;76;227;232;227;240;236;63;97;83;246;240;245;239;226;55;61;19;229;239;232;233;1
250;91;32;60;226;250;248;229;234;60;77;72;226;231;243;227;243;69;76;26;240;237;225;240;238;55;51;57;235;237;237;243;243;28;41;35;231;230;244;225;234;98;52;58;247;222;227;246;245;46;3;38;223;237;240;245;241;13;66;15;232;234;233;220;1
225;19;37;9;245;242;233;230;236;62;70;44;220;239;243;244;247;42;33;70;234;220;247;233;234;21;4;89;224;223;247;228;222;4;46;74;250;247;235;222;245;76;83;21;247;237;233;246;239;47;87;83;239;247;227;220;220;41;46;35;228;234;233;235;1
243;25;81;54;241;233;241;237;236;54;63;8;231;237;250;227;226;71;26;5;242;231;230;232;232;27;97;33;239;238;228;230;220;65;36;37;246;220;232;245;244;33;21;21;227;235;234;220;228;42;62;24;248;242;244;220;228;69;59;60;225;226;222;249;1
227;7;4;15;243;227;228;233;226;24;40;58;239;226;242;227;232;29;84;90;233;226;223;242;237;53;39;247;237;248;221;245;245;25;16;65;242;242;225;226;245;99;31;24;221;223;239;222;232;88;13;57;227;235;238;221;232;61;61;70;231;232;230;230;1
227;85;9;39;232;241;231;248;231;83;27;68;236;239;226;235;227;40;84;43;223;231;248;228;228;84;22;73;237;222;229;236;236;90;21;99;241;230;224;250;249;97;88;52;244;239;235;226;220;65;46;15;236;228;243;222;233;64;61;86;238;249;228;227;1
234;37;5;51;240;240;220;228;236;5;37;45;248;245;238;244;248;30;97;1;222;243;220;242;220;65;62;53;247;246;242;234;245;2;72;31;231;243;229;242;224;99;29;36;233;221;249;235;235;32;35;23;234;241;248;223;244;59;70;27;247;222;241;225;1
229;58;58;100;233;229;243;226;248;94;25;81;243;231;229;239;223;77;41;63;246;247;236;223;238;49;50;13;240;236;243;222;222;97;17;59;225;222;229;229;227;68;11;65;235;244;229;237;246;74;78;43;247;220;241;242;240;8;50;58;226;249;242;244;1
220;6;41;11;234;242;235;225;220;14;31;100;239;247;237;224;248;61;27;42;234;222;233;221;221;47;6;46;232;225;231;241;235;44;95;27;242;221;233;248;223;17;51;34;244;239;227;222;223;51;40;26;227;225;228;232;231;6;64;36;224;236;232;221;1
245;55;89;42;231;235;225;239;238;60;38;5;237;250;230;234;237;11;14;14;242;231;245;239;227;76;26;13;247;239;243;224;240;4;69;85;223;232;245;222;247;52;80;99;242;241;243;231;222;52;6;63;232;246;247;234;224;33;28;68;241;223;232;221;1
247;242;243;225;246;246;240;246;242;241;221;240;234;248;226;243;225;242;234;244;248;230;222;238;40;38;20;88;15;40;61;55;13;90;3;80;72;24;95;47;89;48;23;85;6;13;97;84;96;77;40;76;57;44;4;3;221;229;240;249;249;239;223;245;1
249;249;246;231;226;247;250;227;228;237;231;221;228;231;239;235;27;46;92;93;50;89;57;42;90;87;38;97;50;99;45;78;54;34;21;20;13;61;59;86;5;84;5;15;31;44;42;86;249;246;240;233;234;231;222;233;222;221;233;225;227;241;226;221;1
245;238;238;242;231;220;222;222;227;224;246;221;222;249;244;229;95;38;35;4;89;49;41;94;83;57;77;29;7;63;50;69;98;9;78;4;97;100;69;69;82;20;10;63;7;62;46;95;39;23;22;7;79;83;33;42;223;223;225;232;235;220;233;220;1
229;245;249;239;249;245;237;233;90;11;91;62;89;76;33;54;17;83;65;22;4;92;49;67;19;95;26;1;32;60;38;64;57;12;27;86;67;47;57;23;248;242;225;242;228;231;233;243;233;233;230;245;247;236;242;240;236;230;233;222;247;221;221;220;1
249;242;246;240;241;235;247;247;7;58;51;80;43;98;14;67;8;63;55;58;84;94;21;14;16;16;24;17;52;97;39;30;46;12;20;24;100;1;33;71;32;6;30;65;16;88;16;43;249;234;237;242;236;224;234;234;250;234;236;242;223;232;247;230;1
70;61;18;96;82;66;6;46;69;95;77;95;15;30;73;25;3;35;73;7;24;6;84;20;62;67;100;3;55;5;61;17;232;230;225;226;226;245;228;235;222;243;229;238;246;245;225;221;249;232;237;236;231;220;234;248;223;220;240;248;220;244;224;227;1
98;85;28;20;44;69;28;97;75;39;57;16;67;21;59;86;25;88;58;20;87;21;31;4;94;48;32;80;6;9;70;22;2;44;57;16;19;60;6;4;88;59;35;68;55;29;21;44;245;220;220;225;221;232;250;221;220;225;229;247;238;237;248;222;1
8;82;47;45;35;4;97;59;23;60;99;78;17;61;66;93;38;49;75;67;52;242;65;89;33;64;84;33;26;12;81;36;51;24;11;68;15;16;2;17;239;229;232;246;234;221;241;237;222;232;223;248;224;231;221;224;223;242;231;231;225;226;223;248;1
48;10;72;83;35;16;70;64;45;8;54;58;92;49;24;100;79;63;74;98;27;31;60;96;48;27;23;73;75;16;71;15;238;224;224;220;248;245;236;246;244;231;223;232;230;233;225;246;222;241;243;249;241;229;247;225;223;240;221;226;233;240;235;249;1
245;242;246;242;230;221;244;240;241;236;230;249;220;234;220;242;227;248;226;243;224;236;241;233;70;69;24;47;78;84;90;45;64;10;23;77;6;38;3;70;6;31;67;73;83;64;6;67;66;66;79;44;4;44;79;56;97;98;56;44;60;63;22;85;1
245;250;231;249;233;245;247;229;236;220;229;235;238;226;245;223;247;242;233;233;247;232;236;246;73;12;32;225;79;93;30;22;73;40;23;60;55;46;65;77;83;100;24;66;63;98;42;5;36;42;36;63;18;43;15;98;221;229;228;249;221;235;236;243;1
249;246;247;238;227;230;234;244;231;221;220;230;223;233;229;228;82;73;90;15;78;67;92;84;31;7;88;58;87;81;77;93;8;20;64;46;28;84;31;98;5;90;24;5;78;3;13;67;241;224;239;234;223;244;228;247;235;236;248;228;250;222;243;241;1
220;225;242;221;242;237;232;222;225;229;248;236;225;239;223;240;25;55;4;82;47;55;38;14;35;63;16;91;37;82;16;50;18;17;97;70;89;12;15;27;19;30;61;24;31;9;230;96;100;70;49;84;34;15;91;51;242;235;220;238;231;241;227;240;1
247;223;238;246;232;233;226;231;83;15;80;43;54;7;5;84;6;1;96;21;90;45;17;29;74;71;18;5;24;20;98;17;1;25;96;5;86;8;72;27;227;239;231;223;221;248;238;235;237;224;231;238;232;224;222;238;248;243;248;240;234;223;223;241;1
233;227;222;233;236;247;229;233;69;74;50;99;86;17;67;27;72;81;32;85;78;38;59;37;67;23;69;33;4;95;27;68;28;31;15;32;48;93;3;77;93;47;99;43;77;72;20;16;232;236;230;246;230;245;243;223;236;243;233;233;234;236;235;225;1
10;66;78;46;221;53;61;87;96;96;85;91;19;93;11;80;78;98;80;48;68;27;8;34;49;45;99;60;75;28;90;85;243;227;225;239;228;224;230;245;241;223;224;249;238;241;242;236;229;229;233;239;233;223;236;245;245;229;220;238;223;232;223;233;1
18;66;5;88;5;49;47;11;55;97;37;63;13;74;72;88;45;33;62;37;94;73;6;34;36;77;21;34;28;48;97;67;94;89;86;95;38;84;38;45;44;37;99;34;36;98;30;26;230;227;237;224;239;245;242;228;224;240;244;228;228;229;248;246;1
27;47;33;84;71;89;20;11;51;53;39;49;82;91;62;97;33;46;91;52;46;19;56;23;58;25;40;89;33;22;8;30;22;49;66;73;47;33;73;100;238;222;240;244;249;232;245;226;248;250;233;231;225;239;238;246;236;231;220;221;248;231;247;226;1
90;82;22;90;83;13;8;8;33;45;93;44;77;12;23;81;95;72;34;11;51;8;28;34;27;48;31;89;68;65;85;33;239;227;248;250;234;228;234;237;227;224;246;235;230;248;238;233;240;245;230;250;250;244;247;225;227;230;227;237;228;250;238;244;1
239;226;233;238;233;224;246;247;238;237;240;226;220;240;230;238;247;233;221;234;240;234;250;243;25;34;77;86;17;42;31;17;48;72;45;40;80;78;58;37;91;97;64;54;76;24;61;50;51;85;52;87;37;15;12;72;37;54;222;14;82;46;79;47;1
244;241;243;233;227;221;248;242;237;225;239;244;231;230;236;250;239;231;230;240;222;244;224;229;96;19;42;36;32;98;58;53;6;15;10;5;55;96;22;35;88;16;25;61;36;53;92;55;27;5;81;71;25;79;87;99;249;222;225;224;232;225;234;239;1
249;241;231;232;232;237;226;244;221;233;227;226;236;237;232;229;78;78;47;74;57;16;31;47;5;83;23;27;5;91;99;26;40;79;81;61;35;59;66;58;26;85;21;22;51;62;61;10;245;250;245;222;220;231;224;247;224;239;228;220;249;225;221;240;1
246;239;246;247;224;248;249;250;241;236;237;222;230;228;236;245;74;22;21;32;42;74;11;44;3;75;84;29;42;51;224;67;3;32;91;24;70;83;8;82;74;43;46;46;86;41;71;37;79;62;34;97;37;30;22;78;223;240;243;245;237;242;239;239;1
245;233;247;243;242;244;241;244;99;1;66;96;12;38;49;90;75;86;25;35;87;86;41;60;66;91;27;25;77;76;39;15;92;5;60;50;88;44;83;83;246;246;249;221;237;243;233;228;231;232;246;246;224;248;228;220;246;235;234;229;228;240;245;243;1
248;248;224;237;246;231;222;249;87;74;39;9;62;10;68;31;52;47;59;78;32;26;87;26;100;38;36;46;72;25;88;78;7;63;69;78;40;76;17;94;66;99;78;57;38;27;77;24;226;234;229;229;232;241;232;247;236;246;230;228;238;242;241;246;1
31;28;61;36;55;64;66;15;73;94;46;91;17;50;37;60;24;44;33;64;43;85;47;45;32;87;51;21;89;49;99;2;240;225;244;222;238;240;240;237;229;232;227;225;220;245;245;224;239;241;242;250;228;238;241;229;237;238;225;238;226;230;223;234;1
9;36;5;97;100;58;230;62;82;67;27;45;59;7;11;95;38;57;25;94;42;28;93;71;83;47;33;87;59;33;55;2;85;82;63;41;13;67;13;234;23;67;52;94;45;58;31;18;248;226;222;249;248;228;245;224;248;238;241;250;238;244;245;243;1
47;12;15;50;84;68;78;5;14;90;95;38;98;40;69;57;51;75;5;55;45;52;25;65;95;3;93;19;22;62;19;63;47;19;78;18;15;63;22;83;231;228;249;240;235;241;242;241;221;229;242;221;249;235;245;220;232;227;235;245;230;227;229;234;1
24;22;7;60;50;29;61;1;8;22;5;23;39;71;59;90;92;86;21;8;37;77;97;65;35;87;83;83;85;71;50;39;228;232;239;244;242;242;247;241;236;247;235;236;221;250;230;243;223;230;234;249;230;231;240;243;247;238;241;227;243;236;228;227;1
221;249;236;242;230;229;230;220;250;240;244;246;239;248;244;222;244;231;240;249;223;225;225;237;65;234;76;52;86;93;68;96;9;56;44;36;64;61;53;70;51;36;33;30;44;84;36;9;12;23;8;43;36;63;85;57;7;23;2;27;37;53;83;6;1
